<?xml version="1.0" encoding="UTF-8"?>
<project-private xmlns="http://www.netbeans.org/ns/project-private/1">
    <editor-bookmarks xmlns="http://www.netbeans.org/ns/editor-bookmarks/2" lastBookmarkId="1">
        <file>
            <url>src/digitalcalendarteam3vw/StartUIFrame.java</url>
            <bookmark id="1">
                <name/>
                <line>20</line>
                <key/>
            </bookmark>
        </file>
    </editor-bookmarks>
    <open-files xmlns="http://www.netbeans.org/ns/projectui-open-files/2">
        <group>
            <file>file:/C:/Users/Victor/Desktop/DigitalCalendarTeam3VW/src/digitalcalendarteam3vw/DigitalCalendarTeam3VW.java</file>
            <file>file:/C:/Users/Victor/Desktop/DigitalCalendarTeam3VW/src/digitalcalendarteam3vw/MainMenuUIView.java</file>
            <file>file:/C:/Users/Victor/Desktop/DigitalCalendarTeam3VW/src/digitalcalendarteam3vw/MainMenuFrame.java</file>
            <file>file:/C:/Users/Victor/Desktop/DigitalCalendarTeam3VW/src/digitalcalendarteam3vw/StartUIFrame.java</file>
            <file>file:/C:/Users/Victor/Desktop/DigitalCalendarTeam3VW/src/digitalcalendarteam3vw/Events.java</file>
            <file>file:/C:/Users/Victor/Desktop/DigitalCalendarTeam3VW/src/digitalcalendarteam3vw/Alarm.java</file>
        </group>
    </open-files>
</project-private>
